First Name,Last Name,Email ID
John,Doe,johndoe@gmail.com
Jane,Smith,janesmith@gmail.com
Michael,Johnson,michaeljohnson@gmail.com
Emily,Brown,emilybrown@gmail.com
David,Wilson,davidwilson@gmail.com
Sarah,Moore,sarahmoore@gmail.com
Daniel,Taylor,danieltaylor@gmail.com
Olivia,Anderson,oliviaanderson@gmail.com
Matthew,Thomas,matthewthomas@gmail.com
Sophia,Jackson,sophiajackson@gmail.com
James,White,jameswhite@gmail.com
Charlotte,Martinez,charlottemartinez@gmail.com
Benjamin,Harris,benjaminharris@gmail.com
Amelia,Clark,ameliaclark@gmail.com
Lucas,Lewis,lucaslewis@gmail.com
Grace,Young,graceyoung@gmail.com
Henry,Allen,henryallen@gmail.com
Isabella,King,isabellaking@gmail.com
Alexander,Scott,alexanderscott@gmail.com
Mia,Wright,miawright@gmail.com
Ethan,Green,ethangreen@gmail.com
Zoe,Adams,zoeadams@gmail.com
Sebastian,Baker,sebastianbaker@gmail.com
Ava,Nelson,avanelsongmail.com
Jackson,Lopez,jacksonlopez@gmail.com
Lily,Mitchell,lilymitchell@gmail.com
Daniel,Roberts,danielroberts@gmail.com
Hannah,Walker,hannahwalker@gmail.com
William,Hall,williamhall@gmail.com
Ella,Allen,ellaallen@gmail.com
Jack,Turner,jackturner@gmail.com
Chloe,Carter,chloecarter@gmail.com
Oliver,Evans,oliverevans@gmail.com
Liam,Edwards,liamedwards@gmail.com
Sophie,Collins,sophiecollins@gmail.com
Jameson,Stewart,jamesonstewart@gmail.com
Charlotte,Morris,charlottemorris@gmail.com
Mason,Mitchell,masonmitchell@gmail.com
Victoria,Robinson,victoriarobinson@gmail.com
Ryan,Price,ryanprice@gmail.com
Evelyn,King,evelynking@gmail.com
Joshua,Reed,joshuareed@gmail.com
Aiden,Peterson,aidenpeterson@gmail.com
Natalie,Gray,nataliegray@gmail.com
Matthew,Hughes,matthewhughes@gmail.com
Alice,Dean,alicedean@gmail.com
Leo,Collins,leocollins@gmail.com
Nora,Scott,norascott@gmail.com
Tyler,Edwards,tyleredwards@gmail.com
Megan,James,meganjames@gmail.com
Thomas,Martin,thomasmartin@gmail.com
Mila,Hughes,milahughes@gmail.com
Isaac,White,isaacwhite@gmail.com
Lydia,Green,lydiagreen@gmail.com
Benjamin,Walker,benjaminwalker@gmail.com
Leah,Young,leahyoung@gmail.com
Jack,Hall,jackhall@gmail.com
Katherine,Morris,katherinemorris@gmail.com
Samuel,Thompson,samuelthompson@gmail.com
Grace,Moore,gracemoore@gmail.com
Oliver,Evans,oliverevans@gmail.com
Sophia,Lee,sophialee@gmail.com
Daniel,White,danielwhite@gmail.com
Henry,Jackson,henryjackson@gmail.com
Joshua,Young,joshuayoung@gmail.com
Leah,King,leahking@gmail.com
Matthew,Lewis,matthewlewis@gmail.com
Amelia,Roberts,ameliaroberts@gmail.com
Charlotte,Wilson,charlottewilson@gmail.com
Victoria,Moore,victoriamoore@gmail.com
Mia,Collins,miacollins@gmail.com
Isaac,Brown,isaacbrown@gmail.com
Sarah,White,sarahwhite@gmail.com
Jacob,Scott,jacobscott@gmail.com
Olivia,Edwards,oliviaedwards@gmail.com
Madison,Martinez,madisonmartinez@gmail.com
Ethan,Morris,ethanmorris@gmail.com
Sophie,Adams,sophieadams@gmail.com
Benjamin,King,benjaminking@gmail.com
Ryan,Young,ryanyoung@gmail.com
Amelia,Martin,ameliamartin@gmail.com
Chloe,Reed,chloereed@gmail.com
Jackson,Green,jacksongreen@gmail.com
Samuel,Evans,samuelevans@gmail.com
Sophia,Price,sophiaprice@gmail.com
Zoe,Mitchell,zoemitchell@gmail.com
William,Lee,williamlee@gmail.com
Grace,Roberts,graceroberts@gmail.com
Evelyn,Walker,evelynwalker@gmail.com
Isaac,Young,isaacyoung@gmail.com
Leah,Martin,leahmartin@gmail.com
David,Clark,davidclark@gmail.com
Ella,Reed,ellareed@gmail.com
Samuel,Evans,samuelevans@gmail.com
Olivia,Turner,oliviaturner@gmail.com
Leo,Moore,leomoore@gmail.com
Henry,Brown,henrybrown@gmail.com
Charlotte,Edwards,charlotteedwards@gmail.com
Aiden,Baker,aidenbaker@gmail.com
Lydia,Lopez,lydialopez@gmail.com
Jack,Peterson,jackpeterson@gmail.com
Megan,Morris,meganmorris@gmail.com
Liam,Brown,liambrown@gmail.com
David,Johnson,davidjohnson@gmail.com
Alice,Wright,alicewright@gmail.com
Daniel,Baker,danielbaker@gmail.com
Sarah,Roberts,sarahroberts@gmail.com
Evelyn,Peterson,evelynpeterson@gmail.com
Mia,Thompson,miathompson@gmail.com
Sophie,Allen,sophieallen@gmail.com
